{"metadata":{"asset_id":"cbbb28c1-3ccb-4e96-b1d3-c05659448235","asset_attributes":["notebook"],"name":"module 1","asset_type":"notebook","created_at":"2021-09-19T01:51:38Z","description":"","origin_country":"us","owner_id":"IBMid-664002EGEW","project_id":"063724d5-77af-48b3-82c4-8dee98679f6b","size":18515,"tags":["notebook"],"usage":{"last_update_time":1632022201377,"last_updated_at":"2021-09-19T03:30:01Z"}},"entity":{"notebook":{"kernel":{"name":"python3","display_name":"Python 3.7","language":"python"},"originates_from":{"type":"blank"},"runtime":{"environment":"conda2py37oce-063724d5-77af-48b3-82c4-8dee98679f6b"}}},"attachments":[{"id":"1329763e-af83-4eff-8561-cc267ae200f2","version":2,"asset_type":"notebook","name":"attachment for notebook cbbb28c1-3ccb-4e96-b1d3-c05659448235","description":"attachment for notebook cbbb28c1-3ccb-4e96-b1d3-c05659448235","mime":"application/json","datasource_type":"193a97c1-4475-4a19-b90c-295c4fdc6517","object_key":"notebook/module_1_NnPi8MEtz.ipynb","creator_id":"IBMid-664002EGEW","create_time":1632016298942,"size":18515,"is_remote":false,"is_managed":false,"is_referenced":true,"is_object_key_read_only":false,"is_user_provided_path_key":true,"transfer_complete":true,"is_partitioned":false,"complete_time_ticks":1632016298942,"user_data":{},"test_doc":0,"handle":{"bucket":"datascienceandmachinelearningcaps-donotdelete-pr-j5dapqtrgk9sf0","location":"eu-geo","key":"notebook/module_1_NnPi8MEtz.ipynb","upload_id":"done","max_part_num":1},"usage":{"access_count":0,"last_accessor_id":"IBMid-664002EGEW","last_access_time":1632016298942}}]}
