{"metadata":{"asset_id":"c7c8ea22-ad0c-4655-80f9-a15174a7f34a","asset_attributes":["notebook"],"name":"module 2 - sql","asset_type":"notebook","created_at":"2021-09-19T02:28:12Z","description":"","origin_country":"us","owner_id":"IBMid-664002EGEW","project_id":"063724d5-77af-48b3-82c4-8dee98679f6b","size":15613,"tags":["notebook"],"usage":{"last_update_time":1632022712057,"last_updated_at":"2021-09-19T03:38:32Z"}},"entity":{"notebook":{"kernel":{"name":"python3","display_name":"Python 3.7","language":"python"},"originates_from":{"type":"blank"},"runtime":{"environment":"conda2py37oce-063724d5-77af-48b3-82c4-8dee98679f6b"}}},"attachments":[{"id":"28bbe372-f266-4e85-b3b7-204b9b5e0d14","version":2,"asset_type":"notebook","name":"attachment for notebook c7c8ea22-ad0c-4655-80f9-a15174a7f34a","description":"attachment for notebook c7c8ea22-ad0c-4655-80f9-a15174a7f34a","mime":"application/json","datasource_type":"193a97c1-4475-4a19-b90c-295c4fdc6517","object_key":"notebook/module_2_-_sql_UsS6Cq4o4.ipynb","creator_id":"IBMid-664002EGEW","create_time":1632018493224,"size":15613,"is_remote":false,"is_managed":false,"is_referenced":true,"is_object_key_read_only":false,"is_user_provided_path_key":true,"transfer_complete":true,"is_partitioned":false,"complete_time_ticks":1632018493224,"user_data":{},"test_doc":0,"handle":{"bucket":"datascienceandmachinelearningcaps-donotdelete-pr-j5dapqtrgk9sf0","location":"eu-geo","key":"notebook/module_2_-_sql_UsS6Cq4o4.ipynb","upload_id":"done","max_part_num":1},"usage":{"access_count":0,"last_accessor_id":"IBMid-664002EGEW","last_access_time":1632018493224}}]}
