{"metadata":{"asset_id":"b980ccaf-0a15-45cb-bef6-d3c45c4f2c4a","asset_attributes":["notebook"],"name":"module 3","asset_type":"notebook","created_at":"2021-09-19T02:54:21Z","description":"","origin_country":"us","owner_id":"IBMid-664002EGEW","project_id":"063724d5-77af-48b3-82c4-8dee98679f6b","size":18911,"tags":["notebook"],"usage":{"last_update_time":1632023068985,"last_updated_at":"2021-09-19T03:44:28Z"}},"entity":{"notebook":{"kernel":{"name":"python3","display_name":"Python 3.7","language":"python"},"originates_from":{"type":"blank"},"runtime":{"environment":"conda2py37oce-063724d5-77af-48b3-82c4-8dee98679f6b"}}},"attachments":[{"id":"6e5d295d-8e2e-427c-9634-60621f65adae","version":2,"asset_type":"notebook","name":"attachment for notebook b980ccaf-0a15-45cb-bef6-d3c45c4f2c4a","description":"attachment for notebook b980ccaf-0a15-45cb-bef6-d3c45c4f2c4a","mime":"application/json","datasource_type":"193a97c1-4475-4a19-b90c-295c4fdc6517","object_key":"notebook/module_3_2DIa-nStW.ipynb","creator_id":"IBMid-664002EGEW","create_time":1632020062204,"size":18911,"is_remote":false,"is_managed":false,"is_referenced":true,"is_object_key_read_only":false,"is_user_provided_path_key":true,"transfer_complete":true,"is_partitioned":false,"complete_time_ticks":1632020062204,"user_data":{},"test_doc":0,"handle":{"bucket":"datascienceandmachinelearningcaps-donotdelete-pr-j5dapqtrgk9sf0","location":"eu-geo","key":"notebook/module_3_2DIa-nStW.ipynb","upload_id":"done","max_part_num":1},"usage":{"access_count":0,"last_accessor_id":"IBMid-664002EGEW","last_access_time":1632020062204}}]}
