{"metadata":{"asset_id":"559ae88e-2c6d-43fa-9c0c-3b4b7411082b","asset_attributes":["notebook"],"name":"module 1.3","asset_type":"notebook","created_at":"2021-09-19T02:09:16Z","description":"","origin_country":"us","owner_id":"IBMid-664002EGEW","project_id":"063724d5-77af-48b3-82c4-8dee98679f6b","size":17246,"tags":["notebook"],"usage":{"last_update_time":1632022551173,"last_updated_at":"2021-09-19T03:35:51Z"}},"entity":{"notebook":{"kernel":{"name":"python3","display_name":"Python 3.7","language":"python"},"originates_from":{"type":"blank"},"runtime":{"environment":"conda2py37oce-063724d5-77af-48b3-82c4-8dee98679f6b"}}},"attachments":[{"id":"d670c24e-219e-405e-af53-f3f3832cc434","version":2,"asset_type":"notebook","name":"attachment for notebook 559ae88e-2c6d-43fa-9c0c-3b4b7411082b","description":"attachment for notebook 559ae88e-2c6d-43fa-9c0c-3b4b7411082b","mime":"application/json","datasource_type":"193a97c1-4475-4a19-b90c-295c4fdc6517","object_key":"notebook/module_1.3_cg97oftfD.ipynb","creator_id":"IBMid-664002EGEW","create_time":1632017356768,"size":17246,"is_remote":false,"is_managed":false,"is_referenced":true,"is_object_key_read_only":false,"is_user_provided_path_key":true,"transfer_complete":true,"is_partitioned":false,"complete_time_ticks":1632017356768,"user_data":{},"test_doc":0,"handle":{"bucket":"datascienceandmachinelearningcaps-donotdelete-pr-j5dapqtrgk9sf0","location":"eu-geo","key":"notebook/module_1.3_cg97oftfD.ipynb","upload_id":"done","max_part_num":1},"usage":{"access_count":0,"last_accessor_id":"IBMid-664002EGEW","last_access_time":1632017356768}}]}
