{"metadata":{"asset_id":"a9b464ee-536e-4c6d-9fb7-7b7c97c0724e","asset_attributes":["notebook"],"name":"module 4","asset_type":"notebook","created_at":"2021-09-19T03:19:50Z","description":"","origin_country":"us","owner_id":"IBMid-664002EGEW","project_id":"063724d5-77af-48b3-82c4-8dee98679f6b","size":16188,"tags":["notebook"],"usage":{"last_update_time":1632023835012,"last_updated_at":"2021-09-19T03:57:15Z"}},"entity":{"notebook":{"kernel":{"name":"python3","display_name":"Python 3.7","language":"python"},"originates_from":{"type":"blank"},"runtime":{"environment":"conda2py37oce-063724d5-77af-48b3-82c4-8dee98679f6b"}}},"attachments":[{"id":"06d2389a-a618-4f1f-9054-3bf21a8fadd3","version":2,"asset_type":"notebook","name":"attachment for notebook a9b464ee-536e-4c6d-9fb7-7b7c97c0724e","description":"attachment for notebook a9b464ee-536e-4c6d-9fb7-7b7c97c0724e","mime":"application/json","datasource_type":"193a97c1-4475-4a19-b90c-295c4fdc6517","object_key":"notebook/module_4_cskqGfQ8U.ipynb","creator_id":"IBMid-664002EGEW","create_time":1632021591284,"size":16188,"is_remote":false,"is_managed":false,"is_referenced":true,"is_object_key_read_only":false,"is_user_provided_path_key":true,"transfer_complete":true,"is_partitioned":false,"complete_time_ticks":1632021591284,"user_data":{},"test_doc":0,"handle":{"bucket":"datascienceandmachinelearningcaps-donotdelete-pr-j5dapqtrgk9sf0","location":"eu-geo","key":"notebook/module_4_cskqGfQ8U.ipynb","upload_id":"done","max_part_num":1},"usage":{"access_count":0,"last_accessor_id":"IBMid-664002EGEW","last_access_time":1632021591284}}]}
