{"metadata":{"asset_id":"34dd31c7-99bb-4869-9d04-bd1fdc8d0b81","asset_attributes":["notebook"],"name":"module 2.1 eda","asset_type":"notebook","created_at":"2021-09-19T02:47:17Z","description":"","origin_country":"us","owner_id":"IBMid-664002EGEW","project_id":"063724d5-77af-48b3-82c4-8dee98679f6b","size":13742,"tags":["notebook"],"usage":{"last_update_time":1632022890985,"last_updated_at":"2021-09-19T03:41:30Z"}},"entity":{"notebook":{"kernel":{"name":"python3","display_name":"Python 3.7","language":"python"},"originates_from":{"type":"blank"},"runtime":{"environment":"conda2py37oce-063724d5-77af-48b3-82c4-8dee98679f6b"}}},"attachments":[{"id":"bf338b33-1148-40a0-8bc0-3adcc0c0b293","version":2,"asset_type":"notebook","name":"attachment for notebook 34dd31c7-99bb-4869-9d04-bd1fdc8d0b81","description":"attachment for notebook 34dd31c7-99bb-4869-9d04-bd1fdc8d0b81","mime":"application/json","datasource_type":"193a97c1-4475-4a19-b90c-295c4fdc6517","object_key":"notebook/module_2.1_eda_VJF5bsDWu.ipynb","creator_id":"IBMid-664002EGEW","create_time":1632019637899,"size":13742,"is_remote":false,"is_managed":false,"is_referenced":true,"is_object_key_read_only":false,"is_user_provided_path_key":true,"transfer_complete":true,"is_partitioned":false,"complete_time_ticks":1632019637899,"user_data":{},"test_doc":0,"handle":{"bucket":"datascienceandmachinelearningcaps-donotdelete-pr-j5dapqtrgk9sf0","location":"eu-geo","key":"notebook/module_2.1_eda_VJF5bsDWu.ipynb","upload_id":"done","max_part_num":1},"usage":{"access_count":0,"last_accessor_id":"IBMid-664002EGEW","last_access_time":1632019637899}}]}
