{"metadata":{"asset_id":"7e29bfbb-9874-4557-a17e-c53c145c38ca","asset_attributes":["notebook"],"name":"module 1.1","asset_type":"notebook","created_at":"2021-09-19T01:55:25Z","description":"","origin_country":"us","owner_id":"IBMid-664002EGEW","project_id":"063724d5-77af-48b3-82c4-8dee98679f6b","size":16791,"tags":["notebook"],"usage":{"last_update_time":1632022416697,"last_updated_at":"2021-09-19T03:33:36Z"}},"entity":{"notebook":{"kernel":{"name":"python3","display_name":"Python 3.7","language":"python"},"originates_from":{"type":"blank"},"runtime":{"environment":"conda2py37oce-063724d5-77af-48b3-82c4-8dee98679f6b"}}},"attachments":[{"id":"f1ec64f3-e158-4694-9d6e-d738e731c483","version":2,"asset_type":"notebook","name":"attachment for notebook 7e29bfbb-9874-4557-a17e-c53c145c38ca","description":"attachment for notebook 7e29bfbb-9874-4557-a17e-c53c145c38ca","mime":"application/json","datasource_type":"193a97c1-4475-4a19-b90c-295c4fdc6517","object_key":"notebook/module_1.1_lVK6A2s56.ipynb","creator_id":"IBMid-664002EGEW","create_time":1632016525465,"size":16791,"is_remote":false,"is_managed":false,"is_referenced":true,"is_object_key_read_only":false,"is_user_provided_path_key":true,"transfer_complete":true,"is_partitioned":false,"complete_time_ticks":1632016525465,"user_data":{},"test_doc":0,"handle":{"bucket":"datascienceandmachinelearningcaps-donotdelete-pr-j5dapqtrgk9sf0","location":"eu-geo","key":"notebook/module_1.1_lVK6A2s56.ipynb","upload_id":"done","max_part_num":1},"usage":{"access_count":0,"last_accessor_id":"IBMid-664002EGEW","last_access_time":1632016525465}}]}
